mode_paiement,Somme de ca
Mobile Money,38688.22
Cash,35686.84
Carte,35281.94000000001
Autre,2462.479999999999
