MoisAnnée,Somme de ca
2024-03,9855.720000000001
2024-04,9650.049999999994
2024-12,9619.119999999994
2024-07,9606.589999999997
2024-02,9580.049999999997
2024-06,9558.940000000004
2024-09,9466.630000000005
2024-10,9199.090000000004
2024-01,9185.549999999997
2024-08,9082.22
2024-05,8731.539999999999
2024-11,8583.979999999992
